Марка;Ссылка;Цена(us);Цена(ua);Город
ЗАЗ Lanos Cargo 2019Lux 1.5 МТ (86 л.с.);https://auto.ria.com/newauto/auto-zaz-lanos-cargo-1811226.html;   10 299 $   ;248 400 грн;Одесса
ЗАЗ A07А I-VAN 2019А07А12 (130 л.с.);https://auto.ria.com/newauto/auto-zaz-a07a-i-van-1781688.html;   48 700 $   ;1 360 834 грн;Винница
ЗАЗ А08 2019А08A1B;https://auto.ria.com/newauto/auto-zaz-a08-1820488.html;   66 335 $   ;1 600 000 грн;Одесса
ЗАЗ А08 2019А08A1B;https://auto.ria.com/newauto/auto-zaz-a08-1822283.html;   62 000 $   ;1 732 478 грн;Винница
ЗАЗ Vida 2018Standard base;https://auto.ria.com/newauto/auto-zaz-vida-1719101.html;   9 796 $   ;274 300 грн;Винница
ЗАЗ Lanos 2019Lux base;https://auto.ria.com/newauto/auto-zaz-lanos-1719113.html;   8 871 $   ;248 400 грн;Винница
ЗАЗ Lanos 2019Comfort base;https://auto.ria.com/newauto/auto-zaz-lanos-1719104.html;   7 893 $   ;221 000 грн;Винница
ЗАЗ Vida 2019Comfort 1.5 MT (84 л.с.);https://auto.ria.com/newauto/auto-zaz-vida-1828005.html;   9 730 $   ;274 300 грн;Хмельницкий
ЗАЗ A07А I-VAN 2019А07А12 (130 л.с.);https://auto.ria.com/newauto/auto-zaz-a07a-i-van-1828008.html;   43 620 $   ;1 221 396 грн;Хмельницкий
ЗАЗ А08 2019А08A1B;https://auto.ria.com/newauto/auto-zaz-a08-1828007.html;   56 761 $   ;1 600 000 грн;Хмельницкий
ЗАЗ А10С3А 2019Городской MT 160 л.с.;https://auto.ria.com/newauto/auto-zaz-a10s3a-1828006.html;   73 834 $   ;2 081 250 грн;Хмельницкий
ЗАЗ Lanos Cargo 2019Comfort 1.5 МТ (86 л.с.) ГБО;https://auto.ria.com/newauto/auto-zaz-lanos-cargo-1813593.html;   8 826 $   ;248 400 грн;Черкассы
ЗАЗ Lanos Cargo 2019Comfort 1.5 МТ (86 л.с.);https://auto.ria.com/newauto/auto-zaz-lanos-cargo-1803907.html;   7 906 $   ;221 000 грн;Луцк
ЗАЗ Lanos Cargo 2019Comfort 1.5 МТ (86 л.с.);https://auto.ria.com/newauto/auto-zaz-lanos-cargo-1640956.html;   7 919 $   ;221 000 грн;Киев
ЗАЗ Lanos Cargo 2019Comfort 1.5 МТ (86 л.с.);https://auto.ria.com/newauto/auto-zaz-lanos-cargo-1633354.html;   7 893 $   ;221 000 грн;Киев
ЗАЗ Vida 2018Standard 1.5 MT (84 л.с.);https://auto.ria.com/newauto/auto-zaz-vida-1640982.html;   9 796 $   ;274 300 грн;Киев
ЗАЗ Lanos Cargo 2019Lux 1.5 МТ (86 л.с.);https://auto.ria.com/newauto/auto-zaz-lanos-cargo-1640980.html;   8 825 $   ;248 400 грн;Киев
ЗАЗ Vida 2018Standard base;https://auto.ria.com/newauto/auto-zaz-vida-1646442.html;   9 745 $   ;274 300 грн;Киев
ЗАЗ A07А I-VAN 2019А07А12 (130 л.с.);https://auto.ria.com/newauto/auto-zaz-a07a-i-van-1699360.html;   48 700 $   ;1 359 159 грн;Киев
ЗАЗ Lanos Cargo 2019Comfort 1.5 МТ (86 л.с.) ГБО;https://auto.ria.com/newauto/auto-zaz-lanos-cargo-1633355.html;   8 467 $   ;236 600 грн;Киев
ЗАЗ Lanos Cargo 2019Comfort 1.5 МТ (86 л.с.) ГБО;https://auto.ria.com/newauto/auto-zaz-lanos-cargo-1641003.html;   8 474 $   ;236 600 грн;Киев
ЗАЗ Vida 2016Standard 1.5 MT (84 л.с.);https://auto.ria.com/newauto/auto-zaz-vida-1606046.html;   10 496 $   ;295 400 грн;Киев
ЗАЗ Lanos Cargo 2019Comfort 1.5 МТ (86 л.с.) ГБО;https://auto.ria.com/newauto/auto-zaz-lanos-cargo-1811461.html;   9 163 $   ;221 000 грн;Львов
ЗАЗ А08 2019А08A1B;https://auto.ria.com/newauto/auto-zaz-a08-1778731.html;   62 000 $   ;1 750 496 грн;Киев
ЗАЗ А08 2019А08A14;https://auto.ria.com/newauto/auto-zaz-a08-1778732.html;   62 000 $   ;1 732 478 грн;Киев
ЗАЗ А10С3А 2019Городской MT 160 л.с.;https://auto.ria.com/newauto/auto-zaz-a10s3a-1811645.html;   74 194 $   ;2 077 500 грн;Киев
ЗАЗ A07А I-VAN 20163-65 Турист (130 л.с.);https://auto.ria.com/newauto/auto-zaz-a07a-i-van-1628484.html;   Цену уточняйте   ;Цену уточняйте;Киев
ЗАЗ A07А I-VAN 20161-414 (130 л.с.);https://auto.ria.com/newauto/auto-zaz-a07a-i-van-1628485.html;   Цену уточняйте   ;Цену уточняйте;Киев
ЗАЗ A07А I-VAN 20161-404 (130 л.с.);https://auto.ria.com/newauto/auto-zaz-a07a-i-van-1628486.html;   Цену уточняйте   ;Цену уточняйте;Киев
ЗАЗ A07А I-VAN 2019А07А12 (130 л.с.);https://auto.ria.com/newauto/auto-zaz-a07a-i-van-1775143.html;   41 395 $   ;1 165 000 грн;Киев
ЗАЗ A07А I-VAN 2019А07А12 (130 л.с.);https://auto.ria.com/newauto/auto-zaz-a07a-i-van-1813951.html;   48 700 $   ;1 174 644 грн;Львов
ЗАЗ А08 2019А08A14;https://auto.ria.com/newauto/auto-zaz-a08-1832442.html;   Цену уточняйте   ;Цену уточняйте;Киев
